PLAYER	POS	TEAM	GP	MPG	FGM	FGA	FTM	FTA	3PM	PTS	TREB	AST	STL	BLK	TO	TOTAL
James Harden	PG,SG	HOU	64	36.3	9.5	21.6	10.4	12.1	4.5	34.0	6.6	8.0	1.7	0.8	4.6
Anthony Davis	PF,C	LAL	65	34.8	9.0	17.9	7.3	8.6	1.3	26.6	9.4	3.2	1.5	2.3	2.5
Karl-Anthony Towns	C	MIN	69	33.1	8.4	16.8	5.0	6.2	3.3	25.1	11.1	3.7	1.1	1.5	3.4
Damian Lillard	PG	POR	67	35.9	9.0	19.6	6.8	7.6	4.0	28.7	4.2	7.7	1.1	0.3	3.0
Kawhi Leonard	SG,SF	LAC	60	32.1	9.3	19.7	6.1	7.1	2.2	27.0	6.9	4.8	1.8	0.6	2.6
Stephen Curry	PG,SG	GSW	65	33.1	7.9	17.5	6.2	6.8	4.1	26.0	5.4	6.4	1.2	0.5	3.8
Nikola Jokic	PF,C	DEN	70	32.3	7.9	15.2	3.5	4.3	1.2	20.6	10.3	7.3	1.3	0.7	3.2
Kyrie Irving	PG	BRO	60	32.2	9.0	18.8	4.2	4.6	2.5	24.6	4.2	6.1	1.3	0.5	2.6
Joel Embiid	PF,C	PHI	60	30.7	7.8	16.3	7.2	8.9	1.1	23.9	12.2	3.1	0.9	1.5	3.2
Trae Young	PG	ATL	68	34.1	7.8	17.6	7.8	9.0	3.4	26.8	3.5	9.6	1.0	0.1	3.9
Jayson Tatum	SF,PF	BOS	70	34.6	9.0	19.7	3.9	4.8	3.1	24.9	7.1	4.2	1.4	0.9	2.4
Deandre Ayton	C	PHX	67	32.5	8.4	15.2	2.1	2.8	0.2	19.1	11.7	2.0	0.8	1.6	2.1
Devin Booker	SG,SF	PHX	70	35.6	8.9	18.8	6.7	7.3	2.2	26.7	4.3	6.5	0.9	0.3	3.7
Paul George	SF,PF	LAC	63	33.2	7.9	18.3	4.5	5.1	3.7	24.0	6.4	3.9	1.7	0.4	2.9
Luka Doncic	PG,SG	DAL	67	34.1	9.6	20.7	7.2	9.4	2.9	29.4	9.5	9.1	1.1	0.3	4.2
Kristaps Porzingis	PF,C	DAL	55	30.8	7.0	16.1	4.0	5.0	2.6	20.7	9.4	1.8	0.7	2.0	1.6
Jimmy Butler	SF,PF	MIA	64	33.4	5.9	12.9	7.5	9.0	0.8	20.1	6.5	5.9	1.8	0.6	2.4
Giannis Antetokounmpo	PF,C	MIL	69	30.8	10.8	19.8	6.6	10.0	1.6	29.8	13.8	5.7	1.0	1.0	3.8
Nikola Vucevic	C	ORL	69	31.6	7.9	16.1	2.1	2.6	1.8	19.5	10.6	3.5	0.9	0.8	1.4
Bam Adebayo	PF,C	MIA	65	34.5	6.9	12.3	4.0	5.5	0.0	17.9	10.8	5.3	1.2	1.4	2.9
Jusuf Nurkic	C	POR	60	30.1	6.0	12.1	3.4	4.3	0.4	15.8	9.8	3.6	1.2	1.6	2.1
John Collins	PF,C	ATL	65	31.1	7.6	13.8	2.1	2.6	1.4	18.7	8.4	1.5	0.8	1.1	1.9
LeBron James	PG,SG,SF	LAL	59	34.1	9.5	19.1	4.0	5.8	2.2	25.1	7.8	10.0	1.2	0.5	3.8
Rudy Gobert	C	UTA	67	34.8	5.8	8.3	3.8	6.0	0.0	15.3	13.7	1.5	0.7	2.1	1.9
Khris Middleton	SF,PF	MIL	67	31.1	7.4	15.7	3.5	3.9	2.5	20.8	6.5	4.5	1.1	0.1	2.3
Chris Paul	PG	PHX	61	28.5	5.8	12.0	3.3	3.7	1.7	16.5	4.6	6.4	1.5	0.2	2.2
Christian Wood	PF,C	HOU	67	31.4	6.8	12.7	4.0	5.3	1.4	18.9	9.7	1.6	0.7	1.3	1.9
Shai Gilgeous-Alexander	SG,SF	OKL	68	34.9	7.6	16.5	4.4	5.4	1.6	21.2	6.3	4.8	1.3	0.7	2.4
Fred VanVleet	PG,SG	TOR	67	35.6	6.1	14.8	3.2	3.8	2.8	18.2	3.8	6.8	1.9	0.3	2.3
Brook Lopez	C	MIL	68	27.7	4.5	10.3	2.0	2.3	1.8	12.7	4.6	1.6	0.7	2.4	1.0
Kevin Durant	SF,PF	BRO	62	30.6	8.4	17.5	5.3	6.2	2.2	24.2	5.9	4.0	0.7	0.7	3.4
Bradley Beal	SG,SF	WAS	60	35.0	8.7	19.4	6.4	7.7	2.8	26.6	3.7	5.0	1.1	0.4	3.2
Kyle Lowry	PG	TOR	60	33.9	5.4	13.0	4.8	5.7	2.6	18.1	4.6	7.2	1.4	0.4	2.9
LaMarcus Aldridge	PF,C	SAS	58	30.9	6.3	13.0	2.8	3.4	1.3	16.6	7.0	2.3	0.7	1.5	1.5
Zach LaVine	SG,SF	CHI	68	35.0	9.0	19.8	4.4	5.5	3.1	25.5	4.8	4.2	1.4	0.5	3.4
DeMar DeRozan	SG,SF	SAS	70	33.6	7.7	15.2	5.5	6.5	0.1	21.0	5.4	5.3	1.0	0.3	2.4
Donovan Mitchell	PG,SG	UTA	70	34.9	9.3	20.5	4.2	4.9	2.8	25.6	4.6	4.8	1.1	0.2	3.0
Ben Simmons	PG	PHI	65	35.2	6.8	12.0	3.3	5.2	0.0	16.9	8.0	8.1	2.1	0.6	3.5
Myles Turner	PF,C	IND	70	29.8	4.6	9.8	2.1	2.8	1.5	12.8	6.8	1.2	0.8	2.2	1.4
Jaren Jackson Jr.	PF,C	MEM	58	30.1	6.8	14.4	2.5	3.5	2.8	18.8	5.0	1.5	0.8	1.8	1.9
Pascal Siakam	PF,C	TOR	67	35.1	8.0	17.8	3.9	4.9	2.3	22.3	7.1	3.3	1.0	0.9	2.4
Robert Covington	PF,C	POR	64	33.8	4.3	10.2	1.2	1.5	2.5	12.3	7.0	1.4	1.6	1.2	1.8
Mitchell Robinson	C	NYK	68	23.2	4.2	6.0	1.3	2.4	0.0	9.7	7.3	0.6	0.9	2.0	0.7
Derrick White	PG,SG	SAS	56	29.1	4.7	10.0	3.2	3.8	1.5	14.1	4.0	4.3	1.0	1.1	1.7
Brandon Clarke	SF,PF	MEM	68	25.2	5.8	9.7	1.7	2.2	0.4	13.6	6.8	1.6	0.7	1.1	1.2
Jamal Murray	PG,SG	DEN	68	33.8	7.1	15.6	2.9	3.2	2.4	19.5	4.3	5.1	1.2	0.3	2.6
Russell Westbrook	PG	WAS	56	35.8	9.9	21.3	4.8	6.4	0.9	25.4	8.4	8.8	1.5	0.4	4.2
Domantas Sabonis	PF,C	IND	64	34.2	7.2	13.3	3.3	4.5	0.5	18.2	11.8	4.4	0.7	0.5	2.6
Tobias Harris	SF,PF	PHI	70	34.5	7.8	16.5	2.4	3.0	1.8	19.8	6.8	3.2	0.7	0.6	1.4
Thomas Bryant	C	WAS	60	27.5	5.5	9.3	1.8	2.4	0.8	13.6	7.1	1.8	0.5	1.1	1.2
Jonas Valanciunas	C	MEM	70	27.2	6.1	10.7	2.1	2.8	0.5	14.7	10.4	2.0	0.4	1.0	1.9
T.J. Warren	SF,PF	IND	60	32.5	7.2	15.0	2.5	3.1	1.5	18.5	4.5	1.9	1.3	0.5	1.3
D'Angelo Russell	PG,SG	MIN	67	31.3	7.1	16.6	3.2	3.9	3.4	20.9	3.6	6.1	1.2	0.3	2.9
Brandon Ingram	SF,PF	NOP	64	33.4	7.1	15.4	4.2	5.2	2.6	21.1	4.9	3.5	1.0	0.7	3.0
CJ McCollum	PG,SG	POR	65	34.7	8.6	19.0	2.0	2.6	2.8	22.1	4.1	4.2	0.8	0.6	2.0
Andre Drummond	C	CLE	70	31.2	7.3	13.2	2.6	4.5	0.3	17.4	12.2	2.1	1.7	1.7	3.7
Richaun Holmes	PF,C	SAC	67	25.3	4.6	7.2	1.9	2.4	0.0	11.0	7.2	0.9	0.8	1.2	1.1
Al Horford	PF,C	OKL	62	30.2	5.0	10.5	1.0	1.2	1.3	12.2	7.2	4.0	0.8	0.9	1.3
Gordon Hayward	SG,SF	CHA	58	33.2	7.8	16.4	2.4	2.8	1.6	19.5	6.1	3.7	0.7	0.4	1.9
Norman Powell	SG,SF	TOR	55	27.8	5.6	11.3	2.5	2.9	2.2	15.8	3.5	1.8	1.2	0.4	1.5
Mikal Bridges	SG,SF	PHX	69	31.6	3.8	8.0	1.6	1.9	1.5	10.8	4.5	2.0	1.7	0.7	1.5
Dejounte Murray	PG,SG	SAS	67	28.3	5.0	10.7	1.6	1.9	0.8	12.3	6.4	4.5	1.9	0.3	2.2
Daniel Theis	C	BOS	70	26.1	4.0	7.3	1.4	1.9	0.6	10.1	6.9	1.7	0.7	1.3	1.0
Collin Sexton	PG,SG	CLE	70	34.9	8.5	18.0	3.8	4.4	1.8	22.6	3.6	3.7	1.1	0.1	2.7
Jrue Holiday	PG,SG	MIL	63	31.4	6.5	14.1	2.0	2.7	1.8	16.8	4.3	5.1	1.5	0.7	2.9
Jaylen Brown	SG,SF	BOS	70	34.4	7.7	16.1	3.2	4.3	2.4	21.0	6.6	2.1	1.2	0.4	2.4
De'Aaron Fox	PG	SAC	65	33.6	8.1	16.9	4.9	6.8	1.2	22.2	4.1	7.4	1.6	0.5	3.3
Clint Capela	C	ATL	59	29.7	5.3	8.7	1.4	2.6	0.0	11.9	10.7	1.4	0.8	1.6	1.6
Buddy Hield	SG	SAC	70	29.6	7.0	15.2	1.5	1.8	3.8	19.2	4.3	2.8	0.9	0.2	2.2
Lauri Markkanen	PF,C	CHI	50	32.5	6.0	13.8	3.3	3.9	2.4	17.7	7.2	1.6	0.9	0.5	1.9
Hassan Whiteside	PF,C	SAC	60	22.4	4.5	7.4	1.5	2.3	0.1	10.5	8.9	0.8	0.3	1.8	1.1
Malcolm Brogdon	PG,SG	IND	62	30.8	5.7	12.9	3.0	3.3	1.6	16.0	4.9	7.1	0.6	0.2	2.4
Duncan Robinson	SG,SF	MIA	70	30.2	4.5	9.6	0.9	1.0	3.8	13.7	3.2	1.7	0.7	0.3	0.9
Ja Morant	PG	MEM	68	33.1	7.2	15.3	3.9	5.0	1.3	19.7	4.1	8.0	1.1	0.3	3.6
Darius Bazley	SF,PF	OKL	64	30.1	5.1	11.8	1.4	1.9	2.1	13.8	6.8	1.6	0.9	1.2	1.6
Kevin Love	PF,C	CLE	54	29.5	5.3	11.7	3.0	3.5	2.4	16.0	7.9	2.7	0.5	0.3	2.3
Michael Porter Jr.	SF,PF	DEN	64	26.4	5.6	11.5	1.8	2.1	2.0	15.0	6.7	1.2	0.8	0.4	1.5
Wendell Carter Jr.	C	CHI	67	32.6	4.6	9.0	2.9	3.9	0.2	12.3	9.9	1.3	0.9	1.2	1.8
Eric Bledsoe	PG,SG	NOP	62	29.0	5.7	11.9	2.9	3.6	1.2	15.4	4.8	5.1	1.1	0.4	2.5
Maxi Kleber	PF,C	DAL	70	27.1	3.7	7.4	1.2	1.5	1.8	10.3	5.6	1.4	0.3	1.2	0.9
Kelly Oubre Jr.	SF,PF	GSW	64	31.6	6.1	13.6	3.1	4.1	1.9	17.2	5.3	1.4	1.2	0.8	1.5
Kemba Walker	PG	BOS	48	29.2	5.8	13.7	3.3	3.8	2.8	17.7	3.4	3.7	0.8	0.4	2.0
Lonzo Ball	PG,SG	NOP	67	33.1	4.5	11.0	0.7	1.2	2.4	12.0	6.3	7.1	1.5	0.6	3.1
Marcus Smart	PG,SG	BOS	67	32.1	4.3	11.4	2.1	2.5	2.3	13.0	3.8	4.6	1.6	0.5	1.9
Bojan Bogdanovic	SF,PF	UTA	64	32.9	6.5	14.4	4.0	4.4	3.0	19.9	4.1	2.1	0.5	0.1	2.5
Delon Wright	SG,SF	DET	68	27.8	3.4	7.2	1.4	1.8	0.9	9.1	5.1	4.1	1.5	0.4	1.4
OG Anunoby	SF,PF	TOR	70	30.8	4.3	9.2	1.1	1.6	1.4	11.2	5.4	1.7	1.6	0.7	1.4
Nerlens Noel	PF,C	NYK	65	23.0	2.9	5.3	1.6	2.2	0.0	7.4	5.9	1.1	1.2	1.7	1.3
Jarrett Allen	C	BRO	70	24.4	3.9	6.1	2.2	3.3	0.0	10.0	8.7	1.3	0.5	1.3	1.1
Jerami Grant	SF,PF	DET	70	30.4	5.0	10.7	2.3	3.1	1.7	14.0	4.4	1.4	0.8	1.0	1.1
Draymond Green	PF,C	GSW	67	31.2	3.3	7.7	1.5	2.0	0.9	8.9	6.6	6.1	1.4	0.9	2.5
JJ Redick	SG	NOP	64	26.4	4.9	10.7	2.8	3.1	3.2	15.8	2.6	2.1	0.3	0.2	1.3
Elfrid Payton	PG	NYK	67	32.5	4.5	10.4	1.6	2.3	0.6	11.1	5.1	7.7	1.8	0.5	2.5
Otto Porter Jr.	SF,PF	CHI	50	28.4	5.2	11.3	1.6	2.1	1.9	13.8	3.8	2.1	1.2	0.5	1.1
Zion Williamson	PF	NOP	60	31.5	10.0	17.0	5.4	8.4	0.4	25.8	7.8	2.5	0.9	0.6	3.0
Evan Fournier	SG,SF	ORL	67	31.1	6.0	13.5	2.7	3.3	2.6	17.4	2.6	3.2	1.1	0.2	1.9
Victor Oladipo	SG,SF	IND	60	31.7	6.8	15.9	2.9	3.5	2.0	18.5	4.8	4.3	1.4	0.2	3.0
Davis Bertans	PF,C	WAS	60	27.1	4.2	9.8	1.6	2.0	3.2	13.3	3.9	1.5	0.6	0.5	1.0
Keldon Johnson	SF	SAS	60	24.4	4.4	8.2	3.0	3.7	1.1	12.8	4.8	1.3	1.1	0.1	1.1
Rui Hachimura	SF,PF	WAS	67	32.4	5.6	12.0	2.8	3.4	0.8	14.8	7.0	2.1	1.0	0.2	1.4
Ivica Zubac	C	LAC	68	24.1	4.3	7.4	2.2	3.0	0.0	10.8	8.5	1.4	0.3	1.1	1.2
Serge Ibaka	PF,C	LAC	62	28.2	6.3	12.3	1.6	2.3	1.3	15.4	8.3	1.4	0.5	0.8	2.0
Mike Conley	PG	UTA	58	33.8	6.0	14.1	2.9	3.5	2.3	17.2	3.7	5.1	1.1	0.1	2.3
Josh Richardson	SG,SF	DAL	66	32.3	5.3	12.1	2.3	2.8	2.1	14.9	3.3	2.7	1.1	0.8	2.2
Steven Adams	C	NOP	70	27.4	4.6	7.8	2.0	3.3	0.0	11.2	9.4	2.4	0.8	1.1	1.8
DeAndre Jordan	C	BRO	68	22.0	3.4	5.1	1.5	2.2	0.0	8.3	9.9	1.8	0.3	1.0	1.4
Danilo Gallinari	SF,PF	ATL	58	26.2	4.2	9.5	3.5	3.9	2.3	14.3	4.0	1.5	0.6	0.1	1.2
Terrence Ross	SG,SF	ORL	67	27.4	4.9	11.6	2.3	2.7	2.6	14.7	3.2	1.2	1.1	0.3	1.0
Kevon Looney	PF,C	GSW	64	22.7	3.7	7.1	0.9	1.2	0.0	8.3	6.9	2.2	1.3	0.7	1.3
Chris Boucher	PF,C	TOR	64	18.4	3.1	6.7	2.1	2.6	0.8	9.0	6.1	0.6	0.6	1.4	0.7
Nemanja Bjelica	PF	SAC	70	24.2	3.8	8.0	0.9	1.1	1.7	10.2	5.5	2.4	0.7	0.5	1.2
Aaron Gordon	SF,PF	ORL	68	32.5	5.5	12.6	2.6	3.7	1.4	15.1	7.9	3.8	0.8	0.6	1.6
Marc Gasol	C	LAL	60	25.7	2.8	6.4	0.8	1.1	1.3	7.7	6.3	3.4	0.8	0.9	1.3
Bogdan Bogdanovic	SG,SF,PF	ATL	62	29.8	5.3	11.7	1.3	1.7	2.6	14.4	3.3	3.3	1.1	0.2	1.6
Alec Burks	SG,SF	NYK	60	28.7	4.6	11.1	2.8	3.2	1.7	13.6	4.7	3.1	1.0	0.3	1.6
JaVale McGee	C	CLE	68	17.2	3.0	4.7	0.8	1.2	0.0	6.8	6.0	0.5	0.5	1.5	0.8
Patrick Beverley	PG,SG	LAC	60	26.9	3.0	7.0	0.6	0.9	1.7	8.4	5.4	3.8	1.2	0.5	1.4
Larry Nance Jr.	PF,C	CLE	56	25.8	4.0	7.6	0.9	1.3	1.0	9.9	5.2	2.1	1.1	0.5	1.3
Paul Millsap	PF,C	DEN	60	24.1	4.1	8.5	2.3	2.8	1.1	11.5	5.6	1.6	0.9	0.6	1.4
PJ Washington	SF,PF	CHA	70	32.4	5.5	11.9	1.9	2.8	1.8	14.6	5.8	2.3	1.0	0.9	1.9
Marvin Bagley III	PF,C	SAC	58	28.6	6.1	12.9	2.1	2.6	0.4	14.7	8.1	0.9	0.6	1.0	1.7
Donte DiVincenzo	PG,SG	MIL	68	25.2	3.8	8.4	1.1	1.5	1.4	10.2	5.3	2.5	1.4	0.3	1.5
Derrick Jones Jr.	SG,SF	POR	54	26.4	3.7	7.8	1.9	2.5	0.7	9.9	4.6	1.3	1.2	0.7	0.6
Malik Beasley	PG,SG	MIN	64	26.3	5.1	11.2	1.2	1.4	2.5	13.8	2.7	1.7	1.2	0.2	1.3
Terry Rozier	PG	CHA	70	27.8	5.4	12.6	2.3	2.6	2.5	15.5	3.5	3.0	1.0	0.2	2.1
Derrick Rose	PG,SG	DET	64	25.5	7.1	14.9	2.3	2.7	0.9	17.4	2.3	4.9	0.8	0.3	2.5
Markelle Fultz	PG,SG	ORL	70	30.1	5.6	12.4	1.9	2.4	1.0	14.2	3.7	5.5	1.3	0.2	2.2
Jordan Clarkson	PG,SG	UTA	67	24.7	5.2	11.7	2.7	3.1	2.1	15.2	2.5	2.5	0.6	0.3	1.4
Will Barton	SG,SF	DEN	68	27.5	4.7	10.6	1.5	1.9	1.6	12.5	5.2	2.9	0.9	0.5	1.3
James Wiseman	C	GSW	65	25.2	4.5	8.6	2.1	3.0	0.0	11.1	8.1	0.4	0.3	1.6	1.1
P.J. Tucker	PF,C	HOU	71	34.7	2.5	6.0	0.6	0.7	1.5	7.1	6.7	1.6	1.1	0.5	1.0
Tyler Herro	PG,SG,SF	MIA	64	31.2	5.6	13.2	1.8	2.1	2.5	15.7	4.7	2.5	0.7	0.2	1.8
Dwight Powell	PF,C	DAL	68	26.8	3.7	5.9	1.9	2.9	0.3	9.5	5.9	1.6	0.9	0.6	0.9
Seth Curry	PG,SG	PHI	67	26.7	4.9	10.2	1.4	1.7	2.6	13.9	2.4	2.0	0.7	0.1	1.2
Lou Williams	PG,SG	LAC	68	27.2	5.8	13.7	4.3	4.9	1.6	17.5	2.9	5.3	0.7	0.2	2.7
Montrezl Harrell	PF,C	LAL	64	26.1	6.3	10.8	3.3	5.0	0.0	15.9	6.3	1.5	0.5	1.0	1.5
Mo Bamba	C	ORL	63	17.6	2.6	5.7	0.6	1.0	0.9	6.7	6.0	0.9	0.5	1.7	0.9
Royce O'Neale	SF,PF	UTA	70	28.2	2.4	5.3	0.6	0.8	1.3	6.7	5.4	2.4	1.0	0.5	1.0
Jeremy Lamb	SG,SF	IND	58	24.7	4.1	9.1	1.8	2.1	1.1	11.1	3.8	1.9	1.1	0.4	1.0
Devonte' Graham	PG,SG	CHA	70	30.6	5.0	13.2	2.5	3.0	3.0	15.5	2.9	5.8	1.1	0.2	2.6
Miles Bridges	SF,PF	CHA	70	28.4	5.1	11.3	1.5	1.9	1.4	13.1	5.3	1.7	0.6	0.8	1.5
DeMarcus Cousins	PF,C	HOU	30	23.2	3.3	6.7	2.5	3.5	1.0	10.1	6.4	1.9	0.9	1.1	2.2
Aron Baynes	C	TOR	58	27.6	4.9	10.2	1.6	2.2	1.4	12.8	7.2	2.0	0.3	0.6	1.5
Danuel House Jr.	SF,PF	HOU	58	28.9	3.5	8.2	1.1	1.5	1.9	10.1	4.0	1.2	1.1	0.5	0.8
Dorian Finney-Smith	SF,PF	DAL	70	26.1	3.2	7.0	1.1	1.4	1.6	9.0	5.3	1.6	0.8	0.6	1.0
Matisse Thybulle	SG,SF	PHI	64	25.1	2.4	5.5	0.5	0.7	1.1	6.4	2.1	1.5	1.7	0.9	1.0
Harrison Barnes	SF,PF	SAC	70	33.8	4.9	10.6	2.9	3.6	1.4	14.2	4.8	2.1	0.6	0.2	1.2
John Wall	PG	HOU	55	30.1	6.1	14.2	2.9	4.0	1.8	17.0	3.5	7.5	1.2	0.6	4.1
Coby White	PG,SG	CHI	70	32.1	6.3	15.1	2.0	2.5	2.7	17.2	4.4	3.4	1.0	0.1	2.2
Robert Williams	C	BOS	24	14.2	2.1	2.9	0.8	1.2	0.0	5.0	4.2	0.9	0.8	1.2	0.7
Cody Zeller	C	CHA	58	26.1	4.6	9.1	2.2	3.1	0.4	11.9	6.9	1.7	0.8	0.7	1.5
Tim Hardaway Jr.	SG,SF	DAL	67	29.6	5.5	12.5	2.1	2.6	2.9	15.9	3.4	1.9	0.6	0.1	1.3
Ricky Rubio	PG	MIN	64	26.4	3.4	8.2	2.3	2.7	0.9	10.1	3.3	6.0	1.1	0.2	2.1
Troy Brown Jr.	SG,SF	WAS	67	25.8	3.9	8.9	1.6	2.0	1.1	10.5	5.4	2.6	1.2	0.1	1.2
Trevor Ariza	SG,SF	OKL	58	24.8	2.4	5.5	0.7	0.8	1.7	7.2	4.8	1.7	1.2	0.2	1.3
Blake Griffin	PF,C	DET	58	32.4	5.2	11.7	4.3	5.6	1.6	16.3	7.3	3.6	0.5	0.4	2.6
Killian Hayes	PG,SG	DET	64	28.6	5.5	12.7	1.7	2.0	0.9	13.7	3.1	6.0	1.2	0.2	2.7
Joe Harris	SG,SF	BRO	70	30.2	5.4	11.2	0.9	1.2	2.5	14.2	3.8	1.7	0.6	0.2	1.6
Gary Harris	SG,SF	DEN	67	31.4	4.3	10.2	1.4	1.7	1.4	11.5	3.1	2.2	1.4	0.3	1.4
Tyrese Haliburton	PG,SG	SAC	64	26.4	4.5	10.1	1.4	1.7	1.4	11.8	3.4	3.8	1.2	0.3	2.1
Julius Randle	PF,C	NYK	65	32.2	6.5	14.1	3.9	5.4	1.2	18.2	9.3	3.0	0.8	0.3	2.9
Danny Green	SG,SF	PHI	70	24.9	2.9	7.0	0.5	0.7	1.9	8.2	3.4	1.3	1.2	0.6	0.9
Justin Holiday	SG,SF	IND	67	22.5	2.6	6.1	0.6	0.8	1.7	7.5	2.9	1.2	1.1	0.6	0.6
Kevin Porter Jr.	SG,SF	CLE	64	27.9	5.0	11.1	2.1	2.7	1.8	13.9	4.3	2.7	1.1	0.4	2.4
Derrick Favors	PF,C	UTA	60	18.6	3.2	5.1	0.6	1.1	0.0	7.0	7.2	1.2	0.5	0.8	0.9
Joe Ingles	SG,SF	UTA	68	27.6	3.2	7.2	0.9	1.2	1.9	9.1	3.6	4.8	0.8	0.2	1.9
Josh Okogie	SG,SF	MIN	68	25.3	3.0	6.8	2.5	3.1	0.9	9.4	4.3	1.6	1.2	0.4	1.4
Andrew Wiggins	SG,SF	GSW	67	32.8	6.9	15.3	3.2	4.5	1.7	18.7	4.1	3.1	0.7	0.8	2.3
Mason Plumlee	PF,C	DET	60	27.6	4.3	7.3	2.1	3.7	0.0	10.8	7.8	3.7	0.8	0.9	2.0
Svi Mykhailiuk	SF	DET	67	26.8	3.9	9.1	1.2	1.5	2.5	11.5	2.4	2.4	0.9	0.1	1.4
Gary Trent Jr.	SG,SF	POR	64	26.4	3.3	7.5	0.8	1.0	2.2	9.7	2.0	1.2	1.1	0.4	1.3
Monte Morris	PG,SG	DEN	67	22.7	3.8	8.2	1.0	1.3	0.9	9.5	1.9	3.7	0.8	0.2	0.7
Dario Saric	PF,C	PHX	60	22.1	3.5	7.3	1.4	1.7	1.4	9.8	5.5	1.7	0.5	0.2	1.3
LaMelo Ball	PG,SG	CHA	65	28.4	4.9	12.4	1.8	2.4	1.6	13.3	5.1	6.1	1.2	0.2	2.8
Dennis Schroder	PG	LAL	67	28.9	5.7	12.7	2.5	3.0	1.6	15.6	3.0	3.4	0.6	0.2	2.1
Kevin Huerter	SG,SF	ATL	67	26.2	3.8	9.0	0.8	1.0	2.0	10.3	2.7	3.1	0.8	0.4	1.3
Enes Kanter	C	POR	55	16.0	3.4	5.9	1.1	1.6	0.0	7.8	7.1	1.0	0.4	0.7	1.1
Gorgui Dieng	PF,C	MEM	58	13.7	2.4	4.9	0.8	1.1	0.8	6.5	4.5	1.1	0.7	0.7	0.8
Michael Carter-Williams	PG,SG	ORL	58	18.1	2.5	5.8	1.8	2.1	0.5	7.3	3.2	2.4	1.1	0.5	1.2
Josh Hart	SG,SF	NOP	65	23.3	3.1	7.2	1.2	1.6	1.7	9.0	5.2	1.5	0.9	0.4	1.1
Cameron Johnson	SF,PF	PHX	64	24.2	3.4	7.8	0.9	1.1	2.1	9.8	3.5	1.3	0.7	0.4	1.2
Shake Milton	PG,SG	PHI	60	24.7	4.0	8.9	1.6	2.0	1.7	11.3	2.7	3.2	0.6	0.3	1.5
Cam Reddish	SF,PF	ATL	68	27.3	4.5	10.7	2.0	2.5	1.7	12.6	3.5	1.3	1.1	0.5	1.9
Goran Dragic	PG,SG	MIA	48	26.5	5.1	11.6	3.0	4.0	2.0	15.1	3.0	4.8	0.7	0.2	2.4
Darius Garland	PG	CLE	70	31.6	5.7	13.3	1.6	1.8	2.3	15.2	2.1	4.4	0.9	0.1	2.9
De'Anthony Melton	PG,SG	MEM	68	20.2	2.8	6.9	1.7	2.1	0.8	8.1	3.8	3.0	1.3	0.3	1.4
Frank Ntilikina	PG,SG	NYK	68	24.6	2.8	6.8	1.1	1.3	1.2	7.8	2.5	3.6	1.1	0.4	1.5
Daniel Gafford	C	CHI	56	15.5	2.8	4.2	0.9	1.6	0.0	6.5	4.7	0.6	0.4	1.4	0.9
Tomas Satoransky	PG,SG	CHI	67	24.6	3.2	7.4	1.4	1.7	1.0	8.8	3.3	4.0	1.1	0.1	1.9
Jabari Parker	SF,PF	SAC	50	17.1	4.1	8.0	1.1	1.5	0.7	9.9	4.4	1.2	0.9	0.3	1.2
Dillon Brooks	SG,SF	MEM	70	28.7	6.0	14.5	2.2	2.8	2.0	16.1	3.3	2.1	0.9	0.4	1.7
Marquese Chriss	PF,C	GSW	44	14.4	2.6	4.7	1.4	1.9	0.1	6.7	4.5	1.4	0.5	0.8	0.9
Vincent Poirier	C	OKL	54	19.1	2.5	5.2	1.0	1.2	0.0	6.0	6.3	1.2	0.3	1.2	1.2
Luke Kennard	SG,SF	LAC	50	22.9	3.7	8.5	1.7	1.9	1.8	11.0	2.5	2.8	0.3	0.1	1.0
Luguentz Dort	SG,SF	OKL	70	28.4	3.7	8.8	1.5	1.9	1.4	10.3	2.8	1.0	1.1	0.4	1.0
Moritz Wagner	PF,C	WAS	58	18.4	3.2	5.8	1.7	2.1	0.6	8.6	4.8	1.2	0.6	0.4	1.5
Spencer Dinwiddie	PG,SG	BRO	64	27.8	5.2	11.8	4.4	5.6	1.6	16.3	2.6	4.9	0.5	0.3	2.5
Tristan Thompson	PF,C	BOS	64	24.4	4.2	8.0	1.4	2.3	0.2	9.9	8.3	1.7	0.5	0.7	1.5
Patty Mills	PG	SAS	60	20.4	3.1	7.4	1.4	1.6	2.0	9.7	1.5	1.7	0.8	0.1	0.8
JaMychal Green	PF,C	DEN	67	20.5	2.6	5.6	0.6	0.8	1.5	7.3	6.0	0.8	0.4	0.4	0.9
Thaddeus Young	PF	CHI	67	20.7	3.7	7.9	0.6	1.0	1.1	9.0	4.2	1.5	1.2	0.3	1.4
George Hill	PG,SG	OKL	64	18.1	2.8	6.3	1.3	1.6	1.3	8.3	2.8	2.9	0.8	0.1	1.0
Jordan McLaughlin	PG	MIN	30	18.4	2.7	5.6	0.9	1.2	0.9	7.3	1.5	4.0	1.0	0.1	0.9
Jeff Teague	PG,SG	BOS	64	19.4	3.0	6.7	2.6	3.0	0.7	9.3	1.8	4.3	0.5	0.3	1.6
Obi Toppin	SF,PF	NYK	67	25.4	5.0	10.4	1.8	2.5	0.8	12.6	5.3	0.8	0.6	0.7	1.5
Kendrick Nunn	PG,SG	MIA	60	24.5	4.9	11.1	1.1	1.2	1.6	12.5	2.2	2.7	0.7	0.2	1.4
James Ennis III	SG,SF	ORL	64	23.1	3.0	6.6	1.5	1.9	1.2	8.6	4.5	1.2	0.6	0.4	0.9
Anthony Edwards	SG	MIN	64	28.2	6.0	14.6	2.2	2.8	1.7	15.9	3.9	2.2	1.2	0.2	2.2
Andre Iguodala	SG,SF	MIA	58	19.5	1.9	4.1	0.5	0.7	0.7	4.9	3.6	2.4	0.7	1.0	1.3
James Johnson	PF,C	DAL	60	20.7	3.0	6.5	0.6	1.0	1.2	7.8	3.8	1.6	0.4	1.0	1.1
Jaxson Hayes	C	NOP	67	19.4	3.0	4.6	2.1	3.4	0.0	8.2	4.7	1.0	0.5	1.0	0.9
Josh Jackson	SG,SF	DET	56	20.6	3.7	8.3	1.9	2.5	1.2	10.4	3.5	1.9	1.0	0.5	1.5
Juancho Hernangomez	PF,C	MIN	60	25.4	3.6	8.1	1.5	2.1	1.4	10.1	8.2	1.8	0.3	0.3	1.5
Kelly Olynyk	PF,C	MIA	63	16.8	2.3	5.1	1.1	1.3	1.2	7.0	4.0	1.5	0.6	0.3	1.0
Onyeka Okongwu	PF,C	ATL	58	17.7	4.1	7.5	1.2	1.6	0.0	9.3	4.3	0.4	0.5	1.1	1.8
Aaron Holiday	PG	IND	67	22.2	3.4	7.6	1.0	1.2	1.3	9.0	2.1	3.1	0.7	0.3	1.2
Eric Paschall	SF,PF	GSW	68	25.8	5.1	10.5	2.6	3.4	0.7	13.5	4.5	2.1	0.5	0.2	1.6
Terence Davis	SG,SF	TOR	64	18.1	3.2	6.9	0.8	0.9	1.5	8.6	3.7	1.8	0.6	0.2	1.2
Rudy Gay	SF,PF	SAS	60	19.7	3.7	8.3	1.5	1.8	1.0	9.8	5.0	1.6	0.5	0.5	1.2
Furkan Korkmaz	SG,SF	PHI	67	22.1	3.5	7.9	1.1	1.4	2.2	10.3	2.3	1.1	0.6	0.2	0.8
Jalen Brunson	PG,SG	DAL	62	19.5	3.7	7.9	1.3	1.6	1.1	9.8	2.6	3.8	0.6	0.1	1.4
Deni Avdija	SG,SF	WAS	64	26.4	4.4	9.6	0.8	1.3	1.1	10.7	4.1	2.4	0.8	0.6	1.7
Caris LeVert	SG,SF	BRO	58	29.2	6.3	14.5	2.8	4.0	1.6	17.0	3.7	3.5	1.1	0.2	2.4
Lonnie Walker IV	SG,SF	SAS	64	23.8	3.7	8.8	1.1	1.5	1.5	10.1	3.5	1.7	0.9	0.3	1.1
Cedi Osman	SF,PF	CLE	67	26.1	3.8	8.8	0.9	1.3	1.9	10.4	2.9	2.3	0.8	0.2	1.4
Jakob Poeltl	C	SAS	62	12.7	1.8	2.9	0.4	0.9	0.0	4.0	4.1	1.3	0.4	1.2	0.6
Caleb Martin	SG,SF	CHA	30	18.6	2.5	5.8	1.1	1.5	1.5	7.6	2.8	1.5	0.9	0.5	1.3
Marcus Morris Sr.	PF,C	LAC	62	26.2	3.1	7.3	2.4	2.9	1.3	9.8	3.4	0.9	0.5	0.5	1.1
Goga Bitadze	C	IND	64	16.4	2.9	6.0	0.8	1.0	0.3	6.8	3.5	0.7	0.3	1.2	0.8
Jae Crowder	SF,PF	PHX	60	23.2	2.7	6.7	1.4	1.9	1.4	8.3	4.2	1.7	0.8	0.3	1.0
Kyle Kuzma	SF,PF	LAL	68	25.8	5.0	11.4	2.0	2.6	1.5	13.3	4.6	1.3	0.5	0.4	1.6
Bobby Portis	PF,C	MIL	64	20.1	3.8	8.5	1.1	1.3	1.0	9.6	4.9	1.4	0.5	0.3	1.1
Zach Collins	PF,C	POR	56	21.5	2.5	5.3	0.5	0.6	1.0	6.4	5.4	1.3	0.4	0.4	1.1
Anfernee Simons	PG,SG	POR	68	23.4	3.4	8.1	1.2	1.5	1.6	9.7	2.5	1.6	0.9	0.1	1.3
Nicolo Melli	PF,C	NOP	60	18.1	2.4	5.7	1.0	1.3	1.4	7.2	3.2	1.5	0.6	0.4	0.9
Isaac Okoro	SF	CLE	67	28.6	3.5	8.1	1.5	2.2	0.9	9.4	3.7	2.0	0.9	0.8	1.7
Alex Caruso	PG,SG	LAL	68	20.2	2.1	4.9	1.2	1.7	0.7	6.0	2.2	2.2	1.2	0.3	0.9
Jahlil Okafor	C	DET	50	16.7	3.7	5.9	1.5	2.3	0.0	8.9	4.6	1.3	0.2	0.8	1.4
Justise Winslow	PF	MEM	60	27.8	4.0	9.3	1.2	1.9	0.9	10.0	5.1	3.1	1.0	0.4	1.7
Rodney Hood	SG,SF	POR	50	22.8	3.1	6.8	0.8	1.0	1.5	8.3	2.6	1.1	0.7	0.2	0.7
Boban Marjanovic	C	DAL	44	10.7	3.1	5.5	1.2	1.6	0.1	7.6	5.4	0.8	0.2	0.4	0.9
Kentavious Caldwell-Pope	PG,SG	LAL	60	25.1	3.3	7.2	1.1	1.5	1.3	9.0	2.1	1.6	0.8	0.2	0.9
Kris Dunn	PG,SG	ATL	50	16.1	2.1	4.7	0.6	0.8	0.5	5.3	2.2	2.3	1.2	0.3	1.0
Doug McDermott	SF,PF	IND	65	18.8	3.7	7.6	0.7	0.8	1.8	9.8	2.4	1.0	0.2	0.1	0.6
Grayson Allen	SG,SF	MEM	60	20.7	3.4	7.6	1.1	1.3	1.9	9.9	2.4	1.6	0.3	0.1	1.0
Eric Gordon	SG,SF	HOU	58	28.1	5.0	12.9	2.4	3.0	2.7	15.0	1.9	1.5	0.6	0.3	1.2
Bol Bol	PF,C	DEN	20	13.7	2.3	4.8	1.3	1.6	0.6	6.5	3.1	1.1	0.4	1.1	1.6
Moe Harkless	SF,PF	MIA	60	18.7	2.0	4.0	0.5	0.7	0.5	4.9	3.6	0.9	0.9	0.5	0.8
RJ Barrett	SG,SF	NYK	68	34.2	6.0	14.2	3.5	5.2	1.5	17.1	5.8	3.1	1.2	0.4	2.8
Tyus Jones	PG	MEM	68	17.1	2.7	5.9	0.6	0.8	0.6	6.6	1.3	3.9	0.8	0.1	0.8
Pat Connaughton	SG,SF	MIL	60	18.7	2.0	4.4	0.5	0.7	0.8	5.4	4.3	1.6	0.4	0.5	0.8
Brad Wanamaker	PG,SG	GSW	68	18.4	2.3	5.2	1.8	2.0	0.5	7.0	1.2	2.4	0.7	0.2	1.2
Willie Cauley-Stein	PF,C	DAL	40	10.5	2.2	3.7	0.4	0.7	0.0	4.8	4.3	0.9	0.5	0.7	0.9
Trey Lyles	PF,C	SAS	58	18.1	2.3	5.1	0.5	0.7	0.9	5.9	5.3	1.0	0.4	0.4	0.6
Malik Monk	PG,SG	CHA	44	21.2	3.7	8.4	1.5	1.7	1.2	10.1	2.6	2.0	0.5	0.3	1.4
Jarrett Culver	PG,SG	MIN	70	25.2	4.0	9.3	1.0	1.8	1.2	10.2	3.7	1.9	1.1	0.7	1.4
Avery Bradley	SG,SF	MIA	60	23.4	3.4	7.6	0.4	0.5	1.3	8.5	2.3	1.3	0.9	0.1	1.0
Taj Gibson	PF,C	NYK	60	15.1	2.5	4.2	0.6	0.9	0.1	5.7	3.9	0.7	0.4	0.5	0.6
Dewayne Dedmon	C	DET	58	17.2	2.6	6.1	0.5	0.6	0.6	6.3	4.9	0.5	0.4	0.9	1.1
Cory Joseph	PG	SAC	68	23.6	2.3	5.5	0.8	1.0	0.8	6.2	2.5	3.4	0.7	0.3	1.1
Kent Bazemore	SG,SF	GSW	60	18.7	2.4	5.3	0.9	1.2	0.9	6.7	2.8	1.0	0.7	0.5	1.0
Langston Galloway	PG,SG	PHX	64	18.1	2.1	4.8	0.9	1.0	1.6	6.7	1.5	1.2	0.6	0.2	0.5
Ish Smith	PG	WAS	60	18.1	3.1	7.0	0.7	0.9	0.6	7.5	2.2	3.4	0.6	0.3	1.0
Al-Farouq Aminu	SF,PF	ORL	30	17.9	1.8	4.1	1.0	1.2	0.4	5.0	4.2	1.0	0.9	0.3	0.8
Alex Len	PF,C	TOR	54	14.2	2.7	4.9	1.0	1.5	0.3	6.7	4.4	0.8	0.4	0.6	0.8
T.J. McConnell	PG,SG	IND	66	16.8	2.7	5.7	0.5	0.5	0.1	6.0	2.4	4.1	0.7	0.2	1.3
Austin Rivers	PG,SG	NYK	64	23.9	3.2	7.8	1.2	1.6	1.5	9.1	2.7	1.8	0.7	0.2	0.7
Ben McLemore	SG,SF	HOU	64	20.4	3.1	7.4	0.6	0.9	2.3	9.1	2.0	0.7	0.6	0.2	0.6
Reggie Bullock	SG,SF	NYK	57	21.8	3.0	7.3	0.6	0.7	1.4	8.0	2.2	1.3	0.9	0.1	0.7
Chris Chiozza	PG	BRO	18	12.1	1.5	3.3	0.1	0.1	0.7	3.8	1.5	2.8	1.0	0.2	0.9
Naz Reid	C	MIN	58	14.5	2.9	7.0	1.1	1.5	1.0	7.8	3.6	1.1	0.5	0.6	0.6
Chuma Okeke	PF	ORL	58	20.5	2.9	6.4	0.9	1.3	0.8	7.6	3.7	0.9	0.7	0.5	1.2
De'Andre Hunter	SF,PF	ATL	68	26.1	3.7	8.9	1.4	1.9	1.4	10.3	3.3	1.5	0.7	0.2	1.4
Patrick Williams	SF	CHI	65	18.7	2.3	5.4	1.2	1.5	0.6	6.3	3.2	0.9	0.8	0.6	1.2
Drew Eubanks	PF,C	SAS	22	11.7	1.9	2.8	0.9	1.1	0.0	4.6	3.7	0.7	0.2	0.8	0.9
Ersan Ilyasova	SF,PF	MIL	60	14.7	2.2	4.9	1.1	1.4	0.8	6.2	4.5	0.8	0.4	0.3	0.5
Kyle Anderson	SF,PF	MEM	63	16.2	1.9	4.0	0.7	1.0	0.3	4.7	3.5	1.9	0.7	0.5	0.8
Bruno Caboclo	SF,PF	HOU	16	11.4	1.8	4.3	0.1	0.1	0.3	4.0	2.8	0.7	0.7	0.7	0.4
D.J. Augustin	PG	MIL	60	18.3	2.3	5.5	2.0	2.3	0.9	7.5	1.6	3.3	0.4	0.0	1.1
Landry Shamet	PG,SG	BRO	64	24.2	2.6	6.5	1.1	1.3	1.8	8.2	1.7	1.7	0.4	0.2	0.7
Torrey Craig	SG,SF	MIL	62	18.7	2.1	4.7	0.4	0.6	0.8	5.4	3.2	0.7	0.4	0.6	0.4
Aleksej Pokusevski	SF	OKL	60	17.2	2.1	5.3	0.7	0.9	0.8	5.8	4.0	1.4	0.5	0.6	1.1
Wesley Matthews	SG,SF	LAL	68	24.2	2.5	6.2	0.8	1.0	1.6	7.3	2.4	1.4	0.6	0.1	0.6
Luka Samanic	PF	SAS	10	17.2	2.0	5.3	1.1	1.5	1.1	6.2	3.7	2.2	0.0	0.8	0.8
Rondae Hollis-Jefferson	SF,PF	MIN	32	15.5	2.2	4.7	1.5	2.1	0.0	6.0	4.0	1.5	0.7	0.3	0.9
Tony Bradley	C	PHI	28	10.1	2.0	2.9	0.4	0.7	0.1	4.4	4.1	0.4	0.2	0.5	0.4
Meyers Leonard	PF,C	MIA	52	16.7	1.9	3.9	0.3	0.4	0.8	5.0	4.3	0.9	0.3	0.3	0.7
Kenrich Williams	SF,PF	NOP	35	19.4	1.4	3.8	0.5	0.9	0.8	4.1	4.4	1.4	0.7	0.5	0.6
Damion Lee	SG,SF	GSW	50	16.7	2.5	6.1	1.3	1.5	1.0	7.3	2.9	1.6	0.6	0.1	0.8
Bruce Brown	SG	BRO	42	17.2	2.2	4.8	1.0	1.3	0.4	5.7	2.6	2.4	0.7	0.3	1.1
Jalen McDaniels	PF,C	CHA	18	17.6	2.0	4.2	0.9	1.1	0.7	5.6	3.9	0.8	0.5	0.2	0.8
Shaquille Harrison	PG,SG,SF	UTA	40	10.2	1.7	3.8	0.9	1.2	0.4	4.7	1.9	1.1	0.8	0.4	0.6
Omari Spellman	PF	NYK	20	14.2	2.0	4.7	1.2	1.5	0.7	6.0	3.5	0.8	0.6	0.4	0.9
Facundo Campazzo	PG	DEN	56	17.5	2.3	5.4	1.0	1.2	1.2	6.7	2.0	3.8	0.8	0.0	1.8
Gary Clark	SF,PF	ORL	40	14.8	1.6	4.1	0.4	0.5	1.3	4.9	2.8	0.9	0.1	0.5	0.1
Jeff Green	SF,PF,C	BRO	64	17.2	2.4	5.2	1.5	1.9	1.1	7.3	2.6	0.7	0.4	0.3	0.9
Cody Martin	SG,SF	CHA	60	18.4	1.9	4.3	0.9	1.4	0.7	5.3	3.5	2.0	0.8	0.3	0.9
Carmelo Anthony	SF,PF	POR	64	18.0	3.2	7.4	1.3	1.5	0.8	8.5	3.5	0.8	0.4	0.3	0.9
Glenn Robinson III	SG,SF	SAC	32	14.5	2.4	5.0	0.6	0.7	0.7	6.1	2.2	0.9	0.4	0.1	0.5
Talen Horton-Tucker	SG,SF	LAL	50	15.8	3.0	6.5	0.5	0.9	0.9	7.4	1.4	1.3	1.1	0.3	1.3
Grant Williams	SF,PF	BOS	64	18.4	1.8	4.0	0.8	1.1	0.4	4.8	3.3	1.2	0.5	0.6	1.0
Sekou Doumbouya	SF,PF	DET	67	24.6	3.9	8.9	1.0	1.4	0.9	9.6	4.6	0.6	0.7	0.4	1.5
Trey Burke	PG	DAL	60	18.2	3.4	7.4	0.7	1.0	0.9	8.4	2.0	3.0	0.4	0.0	1.0
John Konchar	SG	MEM	20	12.1	1.4	2.9	0.1	0.2	0.4	3.2	3.0	1.5	0.5	0.3	0.5
Patrick McCaw	SG,SF	TOR	38	22.3	1.6	4.0	0.4	0.5	0.6	4.2	2.1	1.9	1.0	0.1	0.7
Markieff Morris	PF,C	LAL	48	15.2	2.8	6.3	1.0	1.3	1.2	7.9	2.8	1.1	0.4	0.1	1.1
Devin Vassell	SG	SAS	38	14.0	2.0	4.8	0.5	0.7	1.0	5.6	2.1	0.9	0.6	0.4	0.8
Garrison Mathews	SG,SF	WAS	12	11.4	1.2	2.7	1.6	1.8	1.0	5.0	1.2	0.6	0.4	0.1	0.4
Jevon Carter	PG	PHX	40	12.8	1.3	3.0	0.3	0.4	0.9	3.8	1.6	1.1	0.6	0.2	0.4
Taurean Prince	SF,PF	BRO	64	18.4	2.8	7.0	0.7	0.9	1.4	7.8	3.0	1.1	0.6	0.2	1.2
Dwight Howard	C	PHI	60	14.2	2.2	3.2	1.2	2.4	0.0	5.6	5.6	0.5	0.3	0.8	0.9
Nicolas Batum	SF,PF	CHA	50	17.4	1.1	2.7	0.3	0.4	0.6	3.1	2.8	2.3	0.5	0.3	0.9
Jakarr Sampson	SF,PF	IND	18	12.4	1.9	3.2	0.5	0.8	0.1	4.3	2.5	0.6	0.5	0.4	0.4
Tacko Fall	C	BOS	8	4.4	1.5	1.9	0.2	0.4	0.0	3.3	2.0	0.1	0.3	0.6	0.4
Reggie Jackson	PG,SG	LAC	64	20.5	3.6	9.3	1.3	1.6	1.5	9.9	1.9	3.4	0.4	0.1	1.1
Kevin Knox II	SF,PF	NYK	64	23.7	2.8	7.0	1.4	2.0	1.2	8.2	3.2	1.0	0.5	0.5	1.0
Damyean Dotson	SG	NYK	44	17.1	2.5	5.9	0.4	0.6	1.2	6.6	1.9	1.2	0.5	0.1	0.4
Cheick Diallo	PF,C	PHX	40	9.4	1.9	2.8	0.7	0.7	0.0	4.4	2.6	0.5	0.2	0.3	0.7
Robin Lopez	C	WAS	60	15.4	2.3	4.8	0.7	1.0	0.5	5.9	2.6	0.7	0.2	0.7	1.1
Denzel Valentine	SG,SF	CHI	32	10.6	2.3	5.4	0.2	0.3	1.1	5.9	1.7	1.0	0.5	0.2	0.7
Frank Kaminsky	C	SAC	48	14.7	2.6	6.0	1.2	1.7	0.8	7.3	3.4	1.4	0.3	0.2	0.7
Wes Iwundu	SG,SF	DAL	32	14.3	1.8	4.2	1.4	1.8	0.6	5.6	2.4	1.1	0.5	0.2	0.5
Thon Maker	PF,C	CLE	56	13.5	1.8	3.8	1.3	2.0	0.5	5.4	3.1	0.8	0.5	0.7	0.9
Rajon Rondo	PG	ATL	50	16.5	2.3	5.5	0.5	0.7	0.7	5.9	2.4	4.0	0.6	0.0	1.5
Patrick Patterson	PF,C	LAC	50	15.6	1.9	4.7	0.7	0.9	1.3	5.9	3.2	0.9	0.1	0.1	0.5
David Nwaba	SG,SF	HOU	40	12.7	1.6	3.5	0.8	1.3	0.5	4.6	2.0	0.4	0.5	0.5	0.4
Keita Bates-Diop	SF,PF	SAS	36	13.6	2.0	4.3	1.0	1.4	0.7	5.7	2.3	0.5	0.3	0.4	0.4
Mike Scott	PG	PHI	54	15.1	1.9	4.5	0.4	0.4	1.0	5.2	3.2	0.7	0.3	0.1	0.4
Ky Bowman	PG	LAC	44	13.5	2.0	4.5	0.5	0.6	0.5	4.9	1.7	1.9	0.6	0.1	1.0
Khem Birch	PF,C	ORL	54	18.4	1.4	2.9	1.3	2.0	0.0	4.2	4.4	1.0	0.4	0.5	0.6
Desmond Bane	PG,SG	MEM	44	16.7	2.1	5.0	0.7	0.9	1.0	6.0	2.0	1.0	0.4	0.2	0.8
Abdel Nader	SF,PF	PHX	40	12.7	2.2	4.8	0.8	1.1	0.8	6.0	1.7	0.6	0.4	0.4	0.7
Wayne Ellington	SG,SF	DET	45	14.1	1.6	4.3	0.3	0.4	1.5	5.0	1.7	1.1	0.4	0.1	0.5
Emmanuel Mudiay	PG	UTA	60	14.1	2.5	5.4	1.1	1.3	0.5	6.6	2.1	1.9	0.4	0.2	1.3
Georges Niang	SF,PF	UTA	50	12.8	2.0	4.5	0.3	0.4	1.3	5.6	1.7	0.6	0.3	0.1	0.5
Dean Wade	PG	CLE	30	8.6	1.3	3.0	0.1	0.2	0.3	3.1	2.5	0.3	0.3	0.5	0.3
Xavier Tillman	PF	MEM	30	12.1	1.5	3.1	0.7	1.0	0.1	3.9	3.1	0.9	0.3	0.5	0.7
E'Twaun Moore	PG,SG	PHX	44	13.5	2.5	6.0	0.5	0.6	0.9	6.4	1.9	1.1	0.5	0.2	0.5
Vernon Carey Jr	C	CHA	20	9.8	2.0	3.8	0.7	1.0	0.1	4.8	3.6	0.3	0.2	0.5	0.7
Isaac Bonga	SF,PF	WAS	51	14.1	1.3	2.9	0.8	1.0	0.3	3.7	2.5	0.9	0.5	0.2	0.7
Garrett Temple	PG,SG	CHI	66	18.2	2.4	6.3	0.7	0.9	1.3	6.9	2.0	0.5	0.5	0.3	0.7
Harry Giles III	PF,C	POR	26	9.7	2.1	4.0	0.6	0.8	0.0	4.7	2.8	0.9	0.3	0.3	0.7
Sterling Brown	SG,SF	HOU	58	12.1	1.8	4.0	0.5	0.7	0.7	4.7	2.9	0.8	0.5	0.1	0.7
Cole Anthony	PG	ORL	56	15.6	2.5	6.0	1.0	1.3	1.1	7.0	2.4	2.0	0.4	0.0	1.2
Timothe Luwawu-Cabarrot	SG,SF	BRO	38	12.5	1.9	4.3	1.1	1.3	1.0	5.9	1.9	0.3	0.3	0.1	0.6
Ryan Arcidiacono	PG	CHI	50	14.1	1.4	3.4	0.5	0.6	1.0	4.3	1.7	1.5	0.4	0.1	0.6
Aaron Nesmith	SG,SF	BOS	50	14.5	2.3	5.7	0.8	1.1	1.1	6.5	2.3	0.7	0.4	0.2	0.8
Mike Muscala	PF,C	OKL	40	10.4	1.4	3.3	0.3	0.4	0.9	4.1	1.9	0.7	0.2	0.3	0.3
Cameron Payne	PG,SG	PHX	34	9.1	1.6	3.6	0.3	0.4	0.8	4.3	1.6	1.2	0.4	0.1	0.6
Luke Kornet	C	CHI	30	10.9	1.6	3.7	0.4	0.6	0.8	4.4	1.6	0.6	0.2	0.5	0.4
Bismack Biyombo	C	CHA	52	14.1	2.1	3.8	1.2	2.1	0.0	5.3	4.3	0.7	0.2	0.7	0.7
Dylan Windler	SF	CLE	30	10.5	2.0	4.4	0.8	1.0	0.6	5.4	1.8	1.1	0.7	0.2	1.4
Jake Layman	SF,PF	MIN	45	14.2	2.4	5.4	0.7	1.0	0.7	6.2	1.7	0.5	0.5	0.3	0.7
Nickeil Alexander-Walker	SG,SF	NOP	60	18.2	2.3	5.5	0.6	0.8	1.0	6.1	1.8	2.0	0.4	0.2	1.1
Tyrese Maxey	SG	PHI	52	17.2	2.2	5.7	0.8	1.0	0.8	6.1	2.0	2.0	0.5	0.2	1.1
Nassir Little	SF	POR	55	12.1	1.8	4.0	0.8	1.2	0.5	4.7	2.9	0.7	0.4	0.4	0.6
Elie Okobo	PG,SG	PHX	38	12.7	1.3	3.2	1.0	1.3	0.5	4.1	1.6	2.1	0.5	0.1	0.7
Dante Exum	SG,SF	CLE	34	17.4	2.1	4.7	1.2	1.6	0.5	5.9	2.4	1.5	0.5	0.2	1.4
Kira Lewis Jr	PG	NOP	50	14.2	2.2	5.5	0.8	1.0	0.8	6.0	1.6	2.1	0.4	0.2	1.1
Johnathan Williams	PF	WAS	12	11.3	1.2	2.2	0.5	0.9	0.0	2.9	4.1	0.5	0.1	0.5	0.3
Mario Hezonja	SF,PF	POR	44	12.6	1.3	3.4	0.7	0.9	0.4	3.8	2.7	0.7	0.6	0.2	0.6
Jordan Poole	PG,SG	GSW	58	17.8	2.4	7.0	1.4	1.7	1.3	7.5	1.7	2.0	0.5	0.2	1.1
Jalen Smith	PF	PHX	40	13.5	1.6	3.5	0.7	1.0	0.5	4.3	2.8	0.4	0.2	0.4	0.7
Justin Jackson	SF,PF	OKL	65	12.6	1.9	4.6	0.6	0.7	0.6	5.0	2.0	0.8	0.2	0.2	0.3
Chandler Hutchison	SF,PF	CHI	30	12.8	2.2	4.8	1.3	2.0	0.5	6.2	3.0	0.7	0.7	0.2	1.0
Willy Hernangomez	C	NOP	32	11.9	2.2	4.1	1.1	1.7	0.2	5.6	4.0	0.8	0.3	0.2	0.8
Ed Davis	PF,C	MIN	20	10.4	0.8	1.5	0.2	0.3	0.0	1.7	3.6	0.4	0.4	0.3	0.5
DeAndre' Bembry	SF,PF	TOR	42	14.4	1.6	3.6	0.4	0.7	0.2	3.8	1.8	1.1	0.8	0.2	0.9
Edmond Sumner	PG,SG	IND	28	12.8	1.8	4.1	0.5	0.8	0.4	4.5	1.3	1.6	0.4	0.3	0.6
Saddiq Bey	SF	DET	60	13.4	1.6	3.7	0.5	0.7	0.7	4.4	2.7	0.7	0.3	0.2	0.8
Raul Neto	PG	WAS	32	10.4	1.7	3.6	0.6	0.8	0.5	4.5	1.0	1.6	0.4	0.1	0.8
PJ Dozier	PG,SG	DEN	24	13.6	2.2	5.7	0.7	1.0	0.5	5.7	2.0	2.1	0.5	0.2	1.0
Chimezie Metu	PF	SAS	20	5.4	1.3	2.3	0.6	0.8	0.0	3.2	1.9	0.6	0.2	0.3	0.6
Rodney McGruder	SG,SF	DET	50	14.2	1.2	2.9	0.3	0.4	0.4	3.1	2.5	0.7	0.5	0.1	0.4
DaQuan Jeffries	PG	SAC	18	10.1	1.4	2.9	0.4	0.5	0.4	3.5	1.3	0.5	0.3	0.1	0.2
Brandon Goodwin	PG	ATL	40	9.5	1.8	4.4	0.7	0.7	0.7	4.9	1.5	1.4	0.3	0.1	0.8
Alen Smailagic	PF	GSW	10	8.2	1.2	2.5	1.0	1.1	0.2	3.6	1.7	0.8	0.2	0.3	0.7
Solomon Hill	SG,SF	ATL	14	10.2	1.1	2.7	0.3	0.5	0.7	3.3	1.7	1.1	0.3	0.1	0.5
Tony Snell	SG,SF	ATL	36	10.2	1.2	2.6	0.2	0.2	0.7	3.2	0.8	0.9	0.2	0.1	0.2
Robert Woodard II	SG	SAC	20	13.2	1.5	3.5	0.5	0.7	0.4	3.9	2.4	0.7	0.4	0.2	0.7
Tremont Waters	PG	BOS	10	15.8	2.0	5.6	1.1	1.5	0.8	5.9	1.9	2.0	1.0	0.3	2.3
Tyler Johnson	PG,SG	BRO	14	11.7	1.5	3.8	0.6	0.7	0.6	4.2	1.2	1.2	0.3	0.2	0.6
Malachi Flynn	PG	TOR	20	12.4	1.4	3.2	0.6	0.7	0.7	4.0	1.6	1.3	0.3	0.0	0.9
Hamidou Diallo	SG,SF	OKL	40	10.4	2.1	4.6	0.7	1.1	0.2	5.1	2.7	0.6	0.6	0.1	0.8
Anzejs Pasecniks	C	WAS	20	14.1	2.0	3.7	1.1	1.8	0.0	5.1	3.5	0.6	0.3	0.4	0.8
Cristiano Felicio	C	CHI	32	11.1	0.9	1.6	0.5	0.7	0.0	2.3	3.2	0.4	0.3	0.1	0.6
Isaiah Stewart	PF,C	DET	30	12.5	1.6	3.4	0.8	1.1	0.0	4.0	3.0	0.3	0.3	0.3	0.8
Semi Ojeleye	SF,PF	BOS	48	14.4	1.2	2.9	0.4	0.5	0.7	3.5	2.0	0.4	0.2	0.1	0.3
Alfonzo McKinnie	SF,PF	LAL	40	12.1	1.5	3.5	0.5	0.7	0.3	3.8	2.4	0.3	0.6	0.2	0.9
Chris Silva	PF,C	MIA	10	7.0	1.0	1.6	0.7	1.1	0.0	2.7	2.6	0.4	0.2	0.4	0.7
Rodions Kurucs	PF,C	BRO	42	12.0	1.4	3.1	0.5	0.7	0.6	3.9	2.2	0.8	0.4	0.1	0.9
Jordan Bell	PF,C	LAL	20	14.5	2.2	5.0	1.1	1.7	0.3	5.8	3.2	0.6	0.4	0.5	1.2
Zhaire Smith	SG	DET	18	12.4	3.4	8.0	1.8	2.7	0.6	9.2	1.5	1.5	1.0	0.0	1.5
Dennis Smith Jr.	PG	NYK	58	18.7	2.5	6.6	1.0	1.8	0.8	6.7	2.7	3.4	0.9	0.2	2.0
Frank Jackson	PG	NOP	52	13.2	2.3	5.5	1.0	1.3	0.8	6.3	1.4	1.0	0.3	0.1	0.8
Theo Maledon	PG	OKL	40	15.4	2.1	5.0	0.8	1.0	0.8	5.8	1.6	2.4	0.3	0.0	1.5
Javonte Green	PG	BOS	12	8.4	1.1	2.4	0.5	0.8	0.2	3.0	1.7	0.4	0.4	0.2	0.4
Miye Oni	SG	UTA	8	8.7	1.0	2.6	0.3	0.4	0.6	2.9	1.4	0.3	0.3	0.2	0.3
Bruno Fernando	C	ATL	50	10.2	1.5	2.9	0.4	0.7	0.1	3.5	2.8	0.7	0.2	0.2	0.6
Marko Guduric	SG,SF	MEM	35	10.1	1.3	3.3	0.5	0.6	0.6	3.6	1.5	0.9	0.3	0.2	0.7


