Nikola Jokic; C
Giannis Antetokounmpo; PF
Luka Doncic; PG
Stephen Curry; PG
James Harden; SG, PG
Kevin Durant; SF, PF
Damian Lillard; PG
Karl-Anthony Towns; C
Jayson Tatum; PF, SF
LeBron James; SF, PG, PF
Joel Embiid; C
Bradley Beal; SG
Trae Young; PG
Anthony Davis; PF
Zion Williamson; PF
Jimmy Butler; SF, SG
Domantas Sabonis; PF
Paul George; SF, SG
Nikola Vucevic; C
Russell Westbrook; PG
Donovan Mitchell; SG, PG
De'Aaron Fox; PG
Bam Adebayo; C, PF
Julius Randle; PF
Devin Booker; SG, PG
Rudy Gobert; C
Zach LaVine; SG
Fred VanVleet; SG, PG
Kyrie Irving; PG, SG
LaMelo Ball; PG
Shai Gilgeous-Alexander; SG, PG
Khris Middleton; SF, SG
Jrue Holiday; PG, SG
Michael Porter Jr.; SF, PF
Chris Paul; PG
Clint Capela; C
Jaylen Brown; SG, SF
Ja Morant; PG
Christian Wood; C, PF
Deandre Ayton; C
Brandon Ingram; SF, PF
DeMar DeRozan; SG, SF
CJ McCollum; SG
Lonzo Ball; PG
Ben Simmons; PG
Draymond Green; PF
Terry Rozier; PG, SG
Tobias Harris; SF, PF
Kemba Walker; PG
Dejounte Murray; PG, SG
Anthony Edwards; SG, SF
Caris LeVert; SG, SF
Collin Sexton; SG, PG
Pascal Siakam; PF
Kristaps Porzingis; C, PF
Spencer Dinwiddie; SG, PG
Malcolm Brogdon; PG, SG
Cade Cunningham; PG
Kyle Lowry; PG
OG Anunoby; SF, PF
Buddy Hield; SG, SF
Andrew Wiggins; SF, SG
D'Angelo Russell; PG, SG
Jonas Valanciunas; C
Klay Thompson; SG
Devonte' Graham; PG, SG
Jusuf Nurkic; C
Jalen Green; SG
Darius Garland; PG, SG
John Collins; PF
Jarrett Allen; C
Jerami Grant; SF, PF
Bogdan Bogdanovic; SG, SF
Gordon Hayward; SF
Tyrese Haliburton; PG, SG
Chris Boucher; C, PF
Jalen Suggs; PG, SG
Montrezl Harrell; C, PF
Mike Conley; PG
Miles Bridges; SF, PF
Richaun Holmes; C, PF
Jaren Jackson Jr.; PF
Dennis Schroder; PG
RJ Barrett; SF, SG
Derrick White; PG, SG
Nickeil Alexander-Walker; SG
P.J. Washington; PF
Harrison Barnes; SF, PF
Jakob Poeltl; C
Robert Williams III; C, PF
Marcus Smart; SG, PG
Kawhi Leonard; SF, PF
Jonathan Isaac; PF, SF
Kyle Kuzma; PF, SF
Evan Mobley; PF, C
Jamal Murray; PG, SG
Norman Powell; SG, SF
Derrick Rose; PG
Jordan Clarkson; SG
Myles Turner; C, PF
Kevin Porter Jr.; SG, PG
Marvin Bagley III; PF
Kyle Anderson; SF, PF
Mikal Bridges; SF
Malik Beasley; SG, SF
Mason Plumlee; C
Joe Ingles; SF, SG, PF
Isaiah Stewart; C, PF
Thaddeus Young; PF, SF, C
Mitchell Robinson; C
T.J. McConnell; PG
Evan Fournier; SG, SF
Al Horford; C, PF
John Wall; PG
Kelly Olynyk; C, PF
Brook Lopez; C
Robert Covington; PF, SF
Tim Hardaway Jr.; SG, SF
Andre Drummond; C
Delon Wright; SG, PG
Eric Bledsoe; PG, SG
Bojan Bogdanovic; PF, SF
Tyler Herro; SG, PG
Wendell Carter Jr.; C
Seth Curry; SG, PG
Daniel Theis; C, PF
Keldon Johnson; SF, PF
Ivica Zubac; C
Reggie Jackson; PG
Joe Harris; SG, SF
Scottie Barnes; PF, SF
Carmelo Anthony; PF, SF
Kelly Oubre Jr.; PF, SF
Coby White; PG
Thomas Bryant; C
T.J. Warren; SF
Saddiq Bey; SF
Dillon Brooks; SG, SF
De'Andre Hunter; SF, PF
Donte DiVincenzo; SG, PG
Blake Griffin; PF
Lauri Markkanen; PF
Aaron Gordon; PF
Kevin Huerter; SG, SF
Markelle Fultz; PG
Steven Adams; C
Killian Hayes; PG
Hassan Whiteside; C
Brandon Clarke; PF, C
Dwight Howard; C
Victor Oladipo; SG
Cole Anthony; PG
Dorian Finney-Smith; SF, PF
Duncan Robinson; SG, SF
James Wiseman; C
Danny Green; SG, SF
Marcus Morris Sr.; PF, SF
Bobby Portis; PF
Enes Kanter; C
Rui Hachimura; PF, SF
Alex Caruso; PG, SG
Goran Dragic; PG
Kevin Love; PF
Gary Trent Jr.   SG; SF
DeAndre Jordan; C
Jae Crowder; PF, SF
Andre Iguodala; SF, SG
Tacko Fall; C
Ricky Rubio; PG
Rajon Rondo; PG
Serge Ibaka; C, PF
Mo Bamba; C
DeMarcus Cousins; C
Patrick Williams; SF, PF
Alperen Sengun; C
Bol Bol; C
Justin Holiday; SG, SF
Rudy Gay; PF
LaMarcus Aldridge; PF
Luguentz Dort; SG, SF
Eric Gordon; SG
Kentavious Caldwell-Pope; SG, SF
Kendrick Nunn; SG
Darius Bazley; SF, PF
Josh Giddey; PG, SG
Matisse Thybulle; SF, SG
Jonathan Kuminga; SF, PF
Talen Horton-Tucker; SG, SF
JaVale McGee; C
Davion Mitchell; PG
Marc Gasol; C
Jordan Poole; SG, PG
Danilo Gallinari; PF, SF
Monte Morris; PG
Patrick Beverley; PG
Cam Reddish; SF, SG
Thanasis Antetokounmpo; SF
Nerlens Noel; C
Boban Marjanovic; C
Kostas Antetokounmpo; PF
Ante Zizic; C
Luka Garza; C
Trevor Ariza; SF
Patty Mills; PG
Doug McDermott; SF, PF
Daniel Gafford; C, PF
Paul Millsap; PF
Moses Moody; SG
Tristan Thompson; C, PF
Dean Wade; PF
Jalen Johnson; SF
Aleksej Pokusevski; PF
Moses Brown; C
Khem Birch; C
Sharife Cooper; PG
Isaac Okoro; SF
James Bouknight; SG
Josh Christopher; SG
Moritz Wagner; C, PF
Paul Zipser; SF
Josh Hart; SG, SF
Payton Pritchard; PG
Immanuel Quickley; PG
Kevon Looney; PF
Marcus Zegarowski; PG
Ryan Arcidiacono; PG
Aaron Holiday; PG, SG
Ziaire Williams; SG
Aaron Nesmith; SF
Miles McBride; PG
Juan Toscano-Anderson; PF, SF
Meyers Leonard; C
Jared Butler; SG
Tyrese Maxey; SG
Isaiah Thomas; PG
Stephen Zimmerman; C
Dwayne Bacon; SG
Ayo Dosunmu; SG
Isaiah Taylor; PG
Corey Kispert; SF
Isaac Bonga; SF
Georges Niang; PF
Malik Monk; SG
Cameron Payne; PG
Tony Bradley; C
Trey Burke; PG, SG
Zhou Qi; C
Furkan Korkmaz; SG
Grant Williams; PF
Terance Mann; SF
Kai Jones; PF
Jeff Green; PF
Denzel Valentine; SG, SF
Aron Baynes; C
P.J. Tucker; SF
Lamar Stevens; PF
Caleb Martin; SG, SF
Nicolas Claxton; C, PF
Keon Johnson; SG
Wayne Ellington; SG
Cristiano Felicio; C
Shane Larkin; PG
Matthew Dellavedova; PG
Juancho Hernangomez; PF, SF
Wang Zhelin; C
Diamond Stone; C
Sterling Brown; SG, SF
Patric Young; C
Tyler Cook; PF
Reggie Bullock; SF, SG
Derrick Jones Jr.; SF
Obi Toppin; PF
Anthony Gill; PF
Scottie Lewis; SG
Desmond Bane; SG
Yante Maten; PF
Joe Wieskamp; SF
Mike James; PG
Jeremy Lamb; SG, SF
Isaiah Livers; PF
Stanley Johnson; SF
Nigel Hayes; SF
Sandro Mamukelashvili; C
Javonte Green; SG
Grayson Allen; SG
Robin Lopez; C
Cam Thomas; SG
Rade Zagorac; SG
Karim Mane; SG
Lou Williams; SG
Quinndary Weatherspoon; SG
Nassir Little; SF
Jae'Sean Tate; SF
Mario Hezonja; SF
Kobi Simmons; PG
Facundo Campazzo; PG
Carsen Edwards; PG
Max Strus; SG
Dewan Hernandez; C
Chris Duarte; SG
Ron Baker; SG
Quentin Grimes; SG
Zach Norvell Jr.; SG
Chris Clemons; PG
Kyle Guy; SG
Jaylen Adams; PG
Harry Giles III; PF
JJ Redick; SG
Wayne Selden; SG
Usman Garuba; PF
Dragan Bender; PF
Paul Reed; PF
David Stockton; PG
Cameron Johnson; SF
Nah'Shon Hyland; PG
Tony Snell; SG
Freddie Gillespie; PF
Frank Mason III; PG
Cassius Stanley; SG
Robert Woodard II; SF
Justin Anderson; SF
Anfernee Simons; SG, PG
Troy Brown Jr.; SF
Greg Brown III; PF
Kessler Edwards; SF
Damion Lee; SF, SG
Reggie Perry; C
Bonzie Colson; PF
Jordan Bone; PG
Frank Ntilikina; PG
JT Thor; PF
Joe Young; PG
Joshua Primo; SG
Alex Poythress; PF
Tre Mann; PG
Yuta Watanabe; SF
Josh Green; SG
Dewayne Dedmon; C
Frank Jackson; PG
Cheick Diallo; PF
Josh Okogie; SG, SF
Eric Griffin; SF
Arnoldas Kulboka; SF
Malachi Flynn; PG
Udonis Haslem; PF
Brandon Sampson; SG
Jalen Smith; PF
Dzanan Musa; SF
Wenyen Gabriel; SF
Gabe Vincent; PG
Isaiah Joe; SG
Mindaugas Kuzminskas; PF
Nicolas Laprovittola; SG
Tremont Waters; PG
Louis Labeyrie; PF
Bismack Biyombo; C
Marko Guduric; SG
Jordan Adams; SG
Johnathan Williams; C
Theo Maledon; PG
Ray Spalding; PF
Jordan Bell; C
Michael Kidd-Gilchrist; SF
Oshae Brissett; PF
Aaron Harrison; SG
Dee Bost; PG
Kyle Collinsworth; SG
Ben Bentil; PF
Justin James; SG
Ryan Broekhoff; SG
Trey Murphy III; SG
Pierre Jackson; PG
Mamadi Diakite; PF
Alec Brown; C
Day'Ron Sharpe; C
KZ Okpala; SF
Satnam Singh Bhamara; C
Sergey Karasev; SG
Michael Frazier; SG
Isaiah Jackson; PF
Rodions Kurucs; PF
Willie Reed; C
Marques Bolden; C
Marial Shayok; SF
Zach Lofton; SG
Romeo Langford; SG
Marshall Plumlee; C
Justin Jackson; SF
Georgios Kalaitzakis; PG
RaiQuan Gray; PF
Miye Oni; SG
Lucas Nogueira; C
Ben McLemore; SG
London Perrantes; PG
Jordan McRae; SG
Rawle Alkins; SG
Aaron Wiggins; SG
Aaron Craft; SG
Sheldon Mac; SG
Isaac Humphries; C

